Datetime,Water Level (m)
2025-05-13 18:00:00,-0.005118873
2025-05-13 19:00:00,-0.056991007
2025-05-13 20:00:00,-0.01850988
2025-05-13 21:00:00,0.2482998
2025-05-13 22:00:00,0.4633649
2025-05-13 23:00:00,0.6336778
2025-05-14 00:00:00,0.7230875
2025-05-14 01:00:00,0.7058842
2025-05-14 02:00:00,0.54996645
2025-05-14 03:00:00,0.3583894
2025-05-14 04:00:00,0.21946655
2025-05-14 05:00:00,0.10692752
2025-05-14 06:00:00,0.029511644
2025-05-14 07:00:00,-0.0377486
2025-05-14 08:00:00,-0.046256058
2025-05-14 09:00:00,0.2659531
2025-05-14 10:00:00,0.56121933
2025-05-14 11:00:00,0.7922419
2025-05-14 12:00:00,0.9341333
2025-05-14 13:00:00,0.9765876
2025-05-14 14:00:00,0.8856094
2025-05-14 15:00:00,0.68037343
2025-05-14 16:00:00,0.48391467
2025-05-14 17:00:00,0.35165158
2025-05-14 18:00:00,0.25607467
2025-05-14 19:00:00,0.18120754
2025-05-14 20:00:00,0.1123097
2025-05-14 21:00:00,0.13736922
2025-05-14 22:00:00,0.40711194
2025-05-14 23:00:00,0.6522439
2025-05-15 00:00:00,0.8186136
2025-05-15 01:00:00,0.87056065
2025-05-15 02:00:00,0.79337394
2025-05-15 03:00:00,0.593809
2025-05-15 04:00:00,0.42839566
2025-05-15 05:00:00,0.2855367
2025-05-15 06:00:00,0.17605188
2025-05-15 07:00:00,0.09100794
2025-05-15 08:00:00,0.029145818
2025-05-15 09:00:00,0.121013045
2025-05-15 10:00:00,0.45808268
2025-05-15 11:00:00,0.7355362
2025-05-15 12:00:00,0.9346012
2025-05-15 13:00:00,1.0680662
2025-05-15 14:00:00,1.0730438
2025-05-15 15:00:00,0.9007019
2025-05-15 16:00:00,0.67890525
2025-05-15 17:00:00,0.5142443
2025-05-15 18:00:00,0.3870897
2025-05-15 19:00:00,0.2896071
2025-05-15 20:00:00,0.21139163
2025-05-15 21:00:00,0.1602449
2025-05-15 22:00:00,0.28469548
2025-05-15 23:00:00,0.54523677
2025-05-16 00:00:00,0.7674489
2025-05-16 01:00:00,0.88247067
2025-05-16 02:00:00,0.89184225
2025-05-16 03:00:00,0.750259
2025-05-16 04:00:00,0.5639443
2025-05-16 05:00:00,0.41042203
2025-05-16 06:00:00,0.27846524
2025-05-16 07:00:00,0.1832364
2025-05-16 08:00:00,0.10771806
2025-05-16 09:00:00,0.08932057
2025-05-16 10:00:00,0.33752447
2025-05-16 11:00:00,0.628801
2025-05-16 12:00:00,0.87286407
2025-05-16 13:00:00,1.0346777
2025-05-16 14:00:00,1.1267332
2025-05-16 15:00:00,1.0630187
2025-05-16 16:00:00,0.8614629
2025-05-16 17:00:00,0.66009897
2025-05-16 18:00:00,0.513754
2025-05-16 19:00:00,0.40096408
2025-05-16 20:00:00,0.3161166
2025-05-16 21:00:00,0.24234265
2025-05-16 22:00:00,0.23331867
2025-05-16 23:00:00,0.44482008
2025-05-17 00:00:00,0.68467
2025-05-17 01:00:00,0.8757602
2025-05-17 02:00:00,0.95554066
2025-05-17 03:00:00,0.9260012
2025-05-17 04:00:00,0.75812924
2025-05-17 05:00:00,0.5845393
2025-05-17 06:00:00,0.43548965
2025-05-17 07:00:00,0.31114826
2025-05-17 08:00:00,0.22079971
2025-05-17 09:00:00,0.15925913
2025-05-17 10:00:00,0.22105455
2025-05-17 11:00:00,0.513412
2025-05-17 12:00:00,0.8009268
2025-05-17 13:00:00,1.0116417
2025-05-17 14:00:00,1.1488578
2025-05-17 15:00:00,1.1905255
2025-05-17 16:00:00,1.0629277
2025-05-17 17:00:00,0.83131343
2025-05-17 18:00:00,0.65759504
2025-05-17 19:00:00,0.5200439
2025-05-17 20:00:00,0.41370746
2025-05-17 21:00:00,0.3284958
2025-05-17 22:00:00,0.26396647
2025-05-17 23:00:00,0.29235342
2025-05-18 00:00:00,0.49483937
2025-05-18 01:00:00,0.7343719
2025-05-18 02:00:00,0.8996046
2025-05-18 03:00:00,0.94946367
2025-05-18 04:00:00,0.87568545
2025-05-18 05:00:00,0.6993718
2025-05-18 06:00:00,0.54514015
2025-05-18 07:00:00,0.4066069
2025-05-18 08:00:00,0.2963462
2025-05-18 09:00:00,0.21791287
2025-05-18 10:00:00,0.17146063
2025-05-18 11:00:00,0.28458315
2025-05-18 12:00:00,0.56193775
2025-05-18 13:00:00,0.8324418
2025-05-18 14:00:00,1.0272077
2025-05-18 15:00:00,1.141053
2025-05-18 16:00:00,1.1430563
2025-05-18 17:00:00,1.0080469
2025-05-18 18:00:00,0.8073493
2025-05-18 19:00:00,0.6506762
2025-05-18 20:00:00,0.5085712
2025-05-18 21:00:00,0.40376472
2025-05-18 22:00:00,0.3192609
2025-05-18 23:00:00,0.25344464
2025-05-19 00:00:00,0.2659123
2025-05-19 01:00:00,0.43050513
2025-05-19 02:00:00,0.656761
2025-05-19 03:00:00,0.8211669
2025-05-19 04:00:00,0.87081367
2025-05-19 05:00:00,0.81873065
2025-05-19 06:00:00,0.67243063
2025-05-19 07:00:00,0.52466
2025-05-19 08:00:00,0.39198604
2025-05-19 09:00:00,0.28628978
2025-05-19 10:00:00,0.20760901
2025-05-19 11:00:00,0.17154802
2025-05-19 12:00:00,0.3093618
2025-05-19 13:00:00,0.5758136
2025-05-19 14:00:00,0.8238254
2025-05-19 15:00:00,0.9915803
2025-05-19 16:00:00,1.0941273
2025-05-19 17:00:00,1.0836334
2025-05-19 18:00:00,0.92647946
